"Model","Convergence_Rate","Avg_AIC","Avg_BIC","Avg_Log_Likelihood","Pass_LB_Test","Pass_ARCH_Test","Total_Tests","Robustness_Score"
"TGARCH",0.666666666666667,-4.86892604806735,-4.76012945667881,5947.61604944398,23,24,72,0.496527777777778
"eGARCH",0.666666666666667,-4.88146051500112,-4.77266392361257,5946.81685528271,20,24,72,0.486111111111111
"sGARCH_norm",0.666666666666667,-4.79370186581956,-4.73153238502611,5810.76753004302,20,24,72,0.486111111111111
"gjrGARCH",0.652777777777778,-4.80745476349024,-4.70209356468039,6062.83736316044,22,23,72,0.482638888888889
"sGARCH_sstd",0.666666666666667,-4.84065288554528,-4.7473986643551,5932.50591735396,19,24,72,0.482638888888889
