"Model","Convergence_Rate","Avg_AIC","Avg_BIC","Avg_Log_Likelihood","Pass_LB_Test","Pass_ARCH_Test","Total_Tests","Robustness_Score"
"TGARCH",0.666666666666667,-4.86892569096024,-4.7601290995717,5947.61623024169,23,24,72,0.496527777777778
"eGARCH",0.666666666666667,-4.88360350380146,-4.77480691241291,5946.86293827491,21,24,72,0.489583333333333
"sGARCH_norm",0.666666666666667,-4.79370159164845,-4.731532110855,5810.76763658152,20,24,72,0.486111111111111
"gjrGARCH",0.652777777777778,-4.80745450693867,-4.70209330812882,6062.8375801214,22,23,72,0.482638888888889
"sGARCH_sstd",0.666666666666667,-4.84065274425905,-4.74739852306886,5932.50608631698,19,24,72,0.482638888888889
