"Asset","Asset_Type","Model","Convergence","AIC","BIC","Log_Likelihood","LB_PValue","ARCH_PValue","N_Observations"
"NVDA","Equity","sGARCH_norm",TRUE,-4.21267570018435,-4.20699228005956,9514.11539316617,0.213797508964105,0.99493259985142,4515
"NVDA","Equity","eGARCH",TRUE,-4.396066150728,-4.38612016550963,9931.11933526846,0.15317872052621,0.996361770470871,4515
"AMZN","Equity","sGARCH_norm",TRUE,-4.67446902552221,-4.66878560539742,10556.6138251164,0.103667265019653,0.951228224965604,4515
"AMZN","Equity","eGARCH",TRUE,-4.97570185201609,-4.96575586679772,11239.6469309263,0.335479750495953,0.732588559569685,4515
"EURUSD","FX","sGARCH_norm",TRUE,-7.61394344519797,-7.60826002507319,17192.4773275344,0.63139968334178,0.381767495031929,4515
"EURUSD","FX","eGARCH",TRUE,-7.66129232605253,-7.65134634083416,17302.3674260636,0.601478914179649,0.265485969733425,4515
"USDZAR","FX","sGARCH_norm",TRUE,-6.33105040046637,-6.32536698034159,14296.3462790528,0.405599433512293,0.995477641105222,4515
"USDZAR","FX","eGARCH",TRUE,-6.36584248820023,-6.35589650298185,14377.889417112,0.268503168570851,0.907973763983118,4515
